[
  {
    "icon": "fa fa-home",
    "slug": "external",
    "title": "Volver al inicio",
    "path": "index.html"
  },  
  { 
    "id": 1,
    "icon": "fa fa-file-text-o",
    "slug": "introduccion",
    "title": "Introducción",
    "breadcrumb": ["Inicio","introduccion"],
    "path": "pages/1-tema.html"
  },
  { 
    "id": 2,
    "icon": "fa fa-file-text-o",
    "slug": "texto",
    "title": "1. El texto escrito",
    "breadcrumb": ["Inicio","texto"],
    "path": "pages/2-tema.html",    
    "submenu": [
      {
        "icon": "fa fa-file-text-o",
        "slug": "texto",
        "title": "1.1 La escritura",
        "anchor": "11"
      },
      {
        "icon": "fa fa-file-text-o",
        "slug": "texto",
        "title": "1.2 Funciones de la escritura",
        "anchor": "12"
      },
      {
        "icon": "fa fa-file-text-o",
        "slug": "texto",
        "title": "1.3 El párrafo",
        "anchor": "13"
      }
    ]
  },
  { 
    "id": 3,
    "icon": "fa fa-file-text-o",
    "slug": "clasificacion",
    "title": "2. Clasificación de los textos",
    "breadcrumb": ["Inicio","clasificacion"],
    "path": "pages/3-tema.html",    
    "submenu": [
      {
        "icon": "fa fa-file-text-o",
        "slug": "clasificacion",
        "title": "2.1 Los géneros y tipos textuales",
        "anchor": "21"
      },
      {
        "icon": "fa fa-file-text-o",
        "slug": "clasificacion",
        "title": "2.2 Producción de textos",
        "anchor": "22"
      }
    ]
  }
]